id,user_id,product_id,rating,comment,created_at,updated_at
1,59,67,3,Crest well for before easily somebody corner to everything throw.,2025-04-05 22:18:02.154296+00,2025-04-05 22:18:02.154296+00
2,60,68,1,Play little many because us hourly whose ever peace thrill.,2025-04-05 22:18:03.37883+00,2025-04-05 22:18:03.37883+00
3,61,69,2,What theirs must terribly we here this theirs such my.,2025-04-05 22:18:04.698705+00,2025-04-05 22:18:04.698705+00
4,62,69,4,Be define inside leap sufficient mine light half itself oops.,2025-04-05 22:18:05.559297+00,2025-04-05 22:18:05.559297+00
5,63,69,4,One muster e.g. regularly you that motivation fleet other fact.,2025-04-05 22:18:06.441466+00,2025-04-05 22:18:06.441466+00
6,64,69,2,Those why knock few balloon you your chest i.e. spell.,2025-04-05 22:18:07.275654+00,2025-04-05 22:18:07.275654+00
7,65,69,1,Page student nest whom candy normally monthly us exemplified from.,2025-04-05 22:18:08.117037+00,2025-04-05 22:18:08.117037+00
8,66,69,3,Whose yourself ours did begin of horde dynasty over work.,2025-04-05 22:18:09.173985+00,2025-04-05 22:18:09.173985+00
9,67,69,4,Trade we however school another sometimes hourly most theirs beyond.,2025-04-05 22:18:10.027511+00,2025-04-05 22:18:10.027511+00
10,68,69,2,What capture while band troupe Alaskan however me solemnly everyone.,2025-04-05 22:18:10.90944+00,2025-04-05 22:18:10.90944+00
11,69,69,3,Depending have joy door therefore throw above account Welsh punctually.,2025-04-05 22:18:11.9889+00,2025-04-05 22:18:11.9889+00
12,70,69,3,Most due stream with gee beyond empty then someone wash.,2025-04-05 22:18:12.886627+00,2025-04-05 22:18:12.886627+00
13,71,70,2,These flock so musician blindly may garden nearly yikes care.,2025-04-05 22:18:14.145831+00,2025-04-05 22:18:14.145831+00
14,72,70,5,Us where idea did none ours yours talent Senegalese moment.,2025-04-05 22:18:15.033293+00,2025-04-05 22:18:15.033293+00
15,73,70,5,Wade pleasure stand every about their her case this pigeon.,2025-04-05 22:18:15.929871+00,2025-04-05 22:18:15.929871+00
16,74,70,2,Instance would by smoothly forget keep his obnoxious those yours.,2025-04-05 22:18:16.88157+00,2025-04-05 22:18:16.88157+00
17,75,70,4,Who far therefore left yourselves puzzle number page basket help.,2025-04-05 22:18:17.764572+00,2025-04-05 22:18:17.764572+00
18,76,70,2,Her generally beauty bed result over fairly daily jealousy them.,2025-04-05 22:18:18.712967+00,2025-04-05 22:18:18.712967+00
19,77,70,3,Government hers this one horde here secondly here her yourself.,2025-04-05 22:18:19.697554+00,2025-04-05 22:18:19.697554+00
20,78,70,1,Next case greedily slavery moreover whom you may prickling barely.,2025-04-05 22:18:20.652111+00,2025-04-05 22:18:20.652111+00
21,79,70,4,Where could are why may why for had moment transform.,2025-04-05 22:18:21.630074+00,2025-04-05 22:18:21.630074+00
22,80,70,2,College themselves is edge does you to great everything i.e..,2025-04-05 22:18:22.59858+00,2025-04-05 22:18:22.59858+00
23,81,71,4,Whom backwards monthly however was as heavy still off usually.,2025-04-05 22:18:24.056478+00,2025-04-05 22:18:24.060717+00
25,83,73,3,Up bitterness anyway each some those besides each whom understand.,2025-04-05 22:18:26.596031+00,2025-04-05 22:18:26.596031+00
26,200,140,3,Here theirs whoa to those yourself gain hundred earlier example.,2025-04-06 09:49:19.407922+00,2025-04-06 09:49:19.407922+00
27,201,141,2,How this will within flock nobody boat then whom us.,2025-04-06 09:49:20.657685+00,2025-04-06 09:49:20.657685+00
28,202,142,1,Roll e.g. we in away that its has downstairs those.,2025-04-06 09:49:21.895165+00,2025-04-06 09:49:21.895165+00
29,203,142,5,First her quiver weekly whenever what dive one drink itself.,2025-04-06 09:49:22.781505+00,2025-04-06 09:49:22.781505+00
30,204,142,3,Its spit of moreover still nobody whom that just you.,2025-04-06 09:49:23.655026+00,2025-04-06 09:49:23.655026+00
31,205,142,4,Either open lastly up scold out without why those weekly.,2025-04-06 09:49:24.799966+00,2025-04-06 09:49:24.799966+00
32,206,142,1,Tonight gifted apartment either part sternly scold consequently patrol week.,2025-04-06 09:49:26.681265+00,2025-04-06 09:49:26.681265+00
33,207,142,2,For sometimes about gee out hiccup electricity completely about normally.,2025-04-06 09:49:27.559211+00,2025-04-06 09:49:27.559211+00
34,208,142,5,That a jump repel since some bus slippers next neck.,2025-04-06 09:49:28.434225+00,2025-04-06 09:49:28.434225+00
35,209,142,1,Shiny why been constantly dive monthly life backwards hers yours.,2025-04-06 09:49:29.30935+00,2025-04-06 09:49:29.30935+00
36,210,142,3,Them itself hey that Peruvian tomorrow most their whose yesterday.,2025-04-06 09:49:30.233075+00,2025-04-06 09:49:30.233075+00
37,211,142,2,We mob one party warmly as which over then of.,2025-04-06 09:49:31.136159+00,2025-04-06 09:49:31.136159+00
38,212,143,5,Constantly she couple close first disregard class bunch party Thatcherite.,2025-04-06 09:49:32.424914+00,2025-04-06 09:49:32.424914+00
39,213,143,1,Anyone from nevertheless shall alternatively point collapse spin brace myself.,2025-04-06 09:49:33.338432+00,2025-04-06 09:49:33.338432+00
40,214,143,4,Lastly Sri-Lankan for my by same tonight bravery secondly myself.,2025-04-06 09:49:34.211343+00,2025-04-06 09:49:34.211343+00
41,215,143,4,Pounce been quickly cry you far significant farm while which.,2025-04-06 09:49:35.097511+00,2025-04-06 09:49:35.097511+00
42,216,143,2,Justly it up skip slide chest yourself ours for addition.,2025-04-06 09:49:36.031606+00,2025-04-06 09:49:36.031606+00
43,217,143,2,Confucian their it fascinate preen how respect has cleverness fortnightly.,2025-04-06 09:49:36.924797+00,2025-04-06 09:49:36.924797+00
44,218,143,4,Where ourselves comb their had his she wait here intelligence.,2025-04-06 09:49:37.865556+00,2025-04-06 09:49:37.865556+00
45,219,143,5,Also hotel themselves than after this hail pair theirs may.,2025-04-06 09:49:38.768413+00,2025-04-06 09:49:38.768413+00
46,220,143,4,Soon this station whose for her anyone of Turkishish friendship.,2025-04-06 09:49:39.665192+00,2025-04-06 09:49:39.665192+00
47,221,143,5,Straightaway my childhood this everybody here first then tomorrow one.,2025-04-06 09:49:40.65919+00,2025-04-06 09:49:40.65919+00
48,222,144,5,On work it since generally here cat person words quarterly.,2025-04-06 09:49:42.024272+00,2025-04-06 09:49:42.029159+00
50,224,146,5,Accordingly fancy tomorrow dream whenever one himself turn Russian earlier.,2025-04-06 09:49:44.601013+00,2025-04-06 09:49:44.601013+00
